Dice_mean,Dice_std,IoU_mean,IoU_std,Precision_mean,Recall_mean,Accuracy_mean,Mean_abs_area_error,Num_samples
0.3919248439444607,0.21952727503688993,0.2692982087612168,0.1900334565570283,0.2757586971399031,0.9772225416225568,0.2938309372193415,35013.25606060606,1980
